day	hour	value
1	1	0.72634
1	2	0.34212
1	3	0.0784
1	4	0
1	5	0.5287
1	6	0.50926
1	7	0.89656
1	8	0
1	9	0.42372
1	10	0.76418
1	11	0.034
1	12	0
1	13	0
1	14	0
1	15	0
1	16	0
1	17	0.10524
1	18	0
1	19	0
1	20	0.4413
1	21	0.71884
2	1	0.17702
2	2	0
2	3	0.05876
2	4	0.25848
2	5	0.01596
2	6	0.0088
2	7	0.101
2	8	0.4902
2	9	0.4593
2	10	0.07186
2	11	0
2	12	0.03572
2	13	0.4777
2	14	0.0536
2	15	0.5157
2	16	0.80258
2	17	0
2	18	0.50286
2	19	0.63836
2	20	0.1031
2	21	0
